|description||
|---|---|
|keywords||
|dir-name||
|dir-name-en||
|tenant-type|Oracle Mode|

# RIGHT JOIN

右結合（RIGHT JOIN）は右外部結合を示し、このステートメントを使用すると、右テーブルにあるすべての行を返します。左のテーブルでマッチしない行は含まれません。

## 背景情報

外部結合（OUTER JOIN）は、比較演算子を使用して2つのテーブルのデータを比較します。結合結果には結合条件に合致する行だけでなく、条件に合致しない行も含まれます。

外部結合には、全結合（FULL JOIN）、左結合（LEFT JOIN）、右結合（RIGHT JOIN）が含まれます。外部結合は、結合条件を満たすすべての行を返すと同時に、どちらか一方のテーブルにのみ存在する（もう一方のテーブルに対応する行がない）行も返します。その際、対応する行がない側のテーブルの列は`NULL`で補完されます。

本記事は主に右結合の例を提供します。完全結合に関する例については、[完全結合](../200.multi-table-join-query-of-oracle-mode/200.full-join-of-oracle-mode.md)を参照してください。左結合に関する例については、[左結合](../200.multi-table-join-query-of-oracle-mode/300.left-join-of-oracle-mode.md)を参照してください。

## RIGHT JOIN構文

外部結合ステートメントには通常左テーブルと右テーブルが含まれます。`JOIN` 句の左端が左テーブル、`JOIN` 句の右端が右テーブルです。

RIGHT JOINの構文は以下のとおりです：

```sql
SELECT select_list FROM table_name1 RIGHT JOIN table_name2 ON join_condition
[ WHERE query_condition ]
[ ORDER BY column_list ];
```

ここで、`table_name1` が左テーブル、`table_name2` が右テーブルです。

## 例

サンプルテーブルを作成し、適切なデータを挿入します。

```sql
obclient [SYS]> CREATE TABLE tbl_a(id NUMBER NOT NULL PRIMARY KEY, name VARCHAR2(50));
Query OK, 0 rows affected

obclient [SYS]> CREATE TABLE tbl_b(num NUMBER NOT NULL PRIMARY KEY, value NUMBER);
Query OK, 0 rows affected

obclient [SYS]> INSERT INTO tbl_a VALUES(1,'ab'),(2,'cd'),(3,'ef'),(4,'gh');
Query OK, 6 rows affected
Records: 6  Duplicates: 0  Warnings: 0

obclient [SYS]> INSERT INTO tbl_b VALUES(1,1001),(3,1003),(5,1005);
Query OK, 4 rows affected
Records: 4  Duplicates: 0  Warnings: 0
```

### 簡単な右結合クエリ

もし `JOIN` が返すデータが結合条件やフィルタ条件に合致するデータに加えて、右テーブルのフィルタ条件を満たすが結合条件を満たさない右テーブルのデータも含む場合、右結合を使用できます。右結合で返される結果において、左テーブルに属するデータが存在しない場合、その列は `NULL` を返します。

例1：テーブル `tbl_a` とテーブル `tbl_b` に対して右結合クエリを実行し、実行結果を取得します。

```sql
obclient [SYS]> SELECT * FROM tbl_a;
+----+------+
| ID | NAME |
+----+------+
|  1 | ab   |
|  2 | cd   |
|  3 | ef   |
|  4 | gh   |
+----+------+
4 rows in set

obclient [SYS]> SELECT * FROM tbl_b;
+-----+-------+
| NUM | VALUE |
+-----+-------+
|   1 |  1001 |
|   3 |  1003 |
|   5 |  1005 |
+-----+-------+
3 rows in set

obclient> SELECT tbl_a.id, tbl_a.name, tbl_b.num, tbl_b.value FROM tbl_a RIGHT JOIN tbl_b ON tbl_a.id=tbl_b.num;
+------+------+--------+-------+
| ID   | NAME | NUM    | VALUE |
+------+------+--------+-------+
|    1 | ab   |      1 |  1001 |
|    3 | ef   |      3 |  1003 |
| NULL | NULL |      5 |  1005 |
+------+------+--------+-------+
3 rows in set
```

### 右結合WHERE句で結合結果をフィルタリングする

右結合を使用して結合結果を取得し、その後 `WHERE` 句を使用して結合結果をフィルタリングできます。

例2：テーブル `tbl_a` とテーブル `tbl_b` に対して右結合クエリを実行した後、`tbl_b` テーブルの `value=1003` のデータを返します。

```sql
obclient> SELECT t1.id, t1.name, t2.id, t2.name FROM t1
          LEFT JOIN t2 ON t1.id=t2.id WHERE t1.id IS NOT NULL;
+----+------+----+------+
| ID | NAME | ID | NAME |
+----+------+----+------+
|  1 | A1   |  1 | B2   |
|  2 | B1   | NULL | NULL |
|  4 | D1   | NULL | NULL |
|  6 | F1   |  6 | F2   |
|  8 | H1   | NULL | NULL |
| 10 | J1   | NULL | NULL |
+----+------+----+------+
6 rows in set
```

## 関連ドキュメント

* [INNER JOIN](100.inner-join-of-oracle-mode.md)

* [FULL JOIN](200.full-join-of-oracle-mode.md)

* [LEFT JOIN](300.left-join-of-oracle-mode.md)
