|description||
|---|---|
|keywords||
|dir-name||
|dir-name-en||
|tenant-type|MySQL Mode|

# 集合演算

OceanBaseデータベースのMySQLモードでは、集合演算子 `UNION`、`UNION ALL`、`INTERSECT` および `MINUS | EXCEPT` を使用して、複数のクエリを結合することができます。これらの集合演算子は、すべて同じ優先順位を持ちます。SQLステートメントが複数の集合演算子を含む場合、OceanBaseデータベースは、括弧で演算の順序を明示的に指定しない限り、左から右の順に処理を実行します。

本記事では、集合演算子 `UNION`、`UNION ALL`、`INTERSECT` および `MINUS` の使用方法について説明します。

## 構文

```sql
select_clause_set_left
{ UNION | UNION ALL | MINUS | INTERSECT}
select_clause_set_right
```

集合クエリ構文の詳細については、[UNION句](https://en.oceanbase.com/docs/common-oceanbase-database-10000000001974945)を参照してください。

**パラメータの説明：**

* `select_clause_set_left`：`SELECT` ステートメントは、集合演算における左側のセットを返します。
* `select_clause_set_right`：`SELECT` ステートメントは、集合演算における右側のセットを返します。
* `UNION`：複数の `SELECT` ステートメントの結果セットを1つのセットに結合し、重複する行を除去します。
* `UNION ALL`：複数の `SELECT` ステートメントの結果セットを1つのセットに結合し、重複する行をそのまま残します。
* `INTERSECT`：2つの `SELECT` ステートメントの結果セットの共通部分を返します。
* `MINUS | EXCEPT`：最初の `SELECT` ステートメントの結果セットのうち、2番目の `SELECT` ステートメントの結果セットに含まれていない行を返します。`MINUS` は `EXCEPT` のシノニムです。

<main id="notice" type='notice'>
<h4>注意</h4>
<p>各集合演算子は、<code>SELECT</code> ステートメントの結果セットに対してのみ操作でき、各結果セットの列数とデータ型は同一でなければなりません。</p>
</main>

## 例

テストテーブル `test_tbl1` と `test_tbl2` があり、データは以下のとおりです：

```shell
obclient [test]> SELECT * FROM test_tbl1;
+------+------+
| id   | name |
+------+------+
|    1 | A1   |
|    2 | A2   |
|    3 | A3   |
|    4 | A4   |
|    5 | A5   |
|    6 | A6   |
+------+------+
6 rows in set

obclient [test]> SELECT * FROM test_tbl2;
+------+------+
| id   | name |
+------+------+
|    1 | A1   |
|    2 | A2   |
|    3 | A3   |
|    7 | A7   |
|    8 | A8   |
|    9 | A9   |
+------+------+
6 rows in set
```

### UNIONの例

以下のSQLステートメントでは、`UNION` を使用して2つの `SELECT` ステートメントの結果セットを1つのセットに結合し、結合後の結果セットから重複する行を削除します。

```sql
SELECT id, name FROM test_tbl1
UNION
SELECT id, name FROM test_tbl2;
```

実行結果は次のとおりです：

```shell
+------+------+
| id   | name |
+------+------+
|    1 | A1   |
|    2 | A2   |
|    3 | A3   |
|    4 | A4   |
|    5 | A5   |
|    6 | A6   |
|    7 | A7   |
|    8 | A8   |
|    9 | A9   |
+------+------+
9 rows in set
```

### UNION ALLの例

以下のSQLステートメントでは、`UNION ALL` を使用して2つの `SELECT` ステートメントの結果セットを1つのセットに結合し、結合後の結果セットから重複する行を削除しません。

```sql
SELECT id, name FROM test_tbl1
UNION ALL
SELECT id, name FROM test_tbl2;
```

実行結果は次のとおりです：

```shell
+------+------+
| id   | name |
+------+------+
|    1 | A1   |
|    2 | A2   |
|    3 | A3   |
|    4 | A4   |
|    5 | A5   |
|    6 | A6   |
|    1 | A1   |
|    2 | A2   |
|    3 | A3   |
|    7 | A7   |
|    8 | A8   |
|    9 | A9   |
+------+------+
12 rows in set
```

### INTERSECTの例

以下のSQLステートメントでは、`INTERSECT` を使用して、2つの `SELECT` ステートメントの結果セットの共通部分を返します。

```sql
SELECT id, name FROM test_tbl1
INTERSECT
SELECT id, name FROM test_tbl2;
```

実行結果は次のとおりです：

```shell
+------+------+
| id   | name |
+------+------+
|    1 | A1   |
|    2 | A2   |
|    3 | A3   |
+------+------+
3 rows in set
```

### MINUSの例

以下のSQLステートメントでは、`MINUS` または `EXCEPT` を使用して、最初の `SELECT` ステートメントの結果セットのうち2番目の `SELECT` ステートメントの結果セットに含まれていない行を返します。

```sql
SELECT id, name FROM test_tbl1
MINUS
SELECT id, name FROM test_tbl2;
```

または

```sql
SELECT id, name FROM test_tbl1
EXCEPT
SELECT id, name FROM test_tbl2;
```

実行結果は次のとおりです：

```shell
+------+------+
| id   | name |
+------+------+
|    4 | A4   |
|    5 | A5   |
|    6 | A6   |
+------+------+
3 rows in set
```

## 関連ドキュメント

[UNION句](https://en.oceanbase.com/docs/common-oceanbase-database-10000000001974945)
