|description||
|---|---|
|keywords||
|dir-name||
|dir-name-en||
|tenant-type|MySQL Mode|

# RIGHT JOIN

右結合（RIGHT JOIN）は、右外部結合を示し、このステートメントを使用すると、右テーブルのすべてのレコードと、左テーブルと右テーブルの結合フィールドが一致するレコードを返すことができます。

## 背景情報

外部結合（OUTER JOIN）は、比較演算子を使用して2つのテーブルのデータを比較します。結合結果には結合条件に合致する行だけでなく、条件に合致しない行も含まれます。

外部結合には、全結合（FULL JOIN）、左結合（LEFT JOIN）、右結合（RIGHT JOIN）が含まれます。外部結合は、結合条件を満たすすべての行を返すと同時に、どちらか一方のテーブルにのみ存在する（もう一方のテーブルに対応する行がない）行も返します。その際、対応する行がない側のテーブルの列は`NULL`で補完されます。

本記事は主に右結合の例を提供します。完全結合に関する例については [完全結合](200.full-join-of-mysql-mode.md) を、左結合に関する例については [左結合](300.left-join-of-mysql-mode.md)を参照してください。

## RIGHT JOIN構文

外部結合ステートメントには通常、左テーブルと右テーブルが含まれ、`JOIN` 句の最も左側に現れるものが左テーブル、`JOIN` 句の最も右側に現れるものが右テーブルです。

RIGHT JOINの構文は以下のとおりです：

```sql
SELECT select_list FROM table_name1 RIGHT JOIN table_name2 ON join_condition
[ WHERE query_condition ]
[ ORDER BY column_list ];
```

ここで、`table_name1` が左テーブル、`table_name2` が右テーブルとなります。


## 例

サンプルテーブルを作成し、適切なデータを挿入します。

```sql
obclient [info]> CREATE TABLE tbl_a(id INT NOT NULL PRIMARY KEY, name VARCHAR(50));
Query OK, 0 rows affected

obclient [info]> CREATE TABLE tbl_b(number INT NOT NULL PRIMARY KEY, value INT);
Query OK, 0 rows affected

obclient [info]> CREATE TABLE tbl_c(id INT NOT NULL , name VARCHAR(50));
Query OK, 0 rows affected (0.081 sec)

obclient [info]> INSERT INTO tbl_a VALUES(1,'ab'),(2,'cd'),(3,'ef'),(4,'gh');
Query OK, 6 rows affected
Records: 6  Duplicates: 0  Warnings: 0

obclient [info]> INSERT INTO tbl_b VALUES(1,1001),(3,1003),(5,1005);
Query OK, 4 rows affected
Records: 4  Duplicates: 0  Warnings: 0

obclient [info]> INSERT INTO tbl_c VALUES(1,'aa'),(2,'dd'),(6,'ee'),(7,'hh'),(9,'xx');
Query OK, 5 rows affected (0.005 sec)
Records: 5  Duplicates: 0  Warnings: 0
```

### 簡単な右結合クエリ

もし `JOIN` が返すデータが、結合条件とフィルタ条件を満たすデータに加えて、右テーブルのフィルタ条件を満たすが結合条件を満たさないデータも含まれる場合は、右外部結合（`RIGHT OUTER JOIN`）を使用することができ、略して右結合（`RIGHT JOIN`）とも呼ばれます。右結合で返される結果において、左テーブルに属するデータが存在しない場合、その列は `NULL` を返します。

例1：テーブル `tbl_a` とテーブル `tbl_b` に対して右結合クエリを実行し、実行結果を取得します。

```sql
obclient> SELECT * FROM tbl_a;
+------+------+
| id   | name |
+------+------+
|    1 | ab   |
|    2 | cd   |
|    3 | ef   |
|    4 | gh   |
+------+------+
4 rows in set

obclient> SELECT * FROM tbl_b;
+--------+-------+
| number | value |
+--------+-------+
|      1 |  1001 |
|      3 |  1003 |
|      5 |  1005 |
+--------+-------+
3 rows in set

obclient> SELECT * FROM tbl_a RIGHT JOIN tbl_b ON tbl_a.id=tbl_b.number;
+------+------+--------+-------+
| id   | name | number | value |
+------+------+--------+-------+
|    1 | ab   |      1 |  1001 |
|    3 | ef   |      3 |  1003 |
| NULL | NULL |      5 |  1005 |
+------+------+--------+-------+
3 rows in set
```

### 複雑な右結合クエリ

例：

```sql
obclient> SELECT * FROM tbl_a a INNER JOIN tbl_b b RIGHT JOIN tbl_c c ON c.id=b.number ON a.name=c.name;
Empty set (0.009 sec)
```

### 右結合とWHERE句の併用

右結合を使用して結合結果を取得し、その後 `WHERE` 句を使用して結合結果をフィルタリングできます。

例2：テーブル `tbl_a` とテーブル `tbl_b` に対して右結合クエリを実行した後、`tbl_b` テーブルの `value=1003` のデータを返します。

```sql
obclient> SELECT * FROM tbl_a;
+------+------+
| id   | name |
+------+------+
|    1 | ab   |
|    2 | cd   |
|    3 | ef   |
|    4 | gh   |
+------+------+
4 rows in set

obclient> SELECT * FROM tbl_b;
+--------+-------+
| number | value |
+--------+-------+
|      1 |  1001 |
|      3 |  1003 |
|      5 |  1005 |
+--------+-------+
3 rows in set

obclient> SELECT * FROM tbl_a RIGHT JOIN tbl_b ON tbl_a.id=tbl_b.number WHERE tbl_b.value=1003;
+------+------+--------+-------+
| id   | name | number | value |
+------+------+--------+-------+
|    3 | ef   |      3 |  1003 |
+------+------+--------+-------+
1 row in set
```

## 関連ドキュメント

* [INNER JOIN](100.inner-join-of-mysql-mode.md)

* [FULL JOIN](200.full-join-of-mysql-mode.md)

* [LEFT JOIN](300.left-join-of-mysql-mode.md)
